{
  "project_info": {
    "project_number": "778953465489",
    "firebase_url": "https://ifitmash-club.firebaseio.com",
    "project_id": "ifitmash-club",
    "storage_bucket": "ifitmash-club.appspot.com"
  },
  "client": [
    {
      "client_info": {
        "mobilesdk_app_id": "1:778953465489:android:e8a07bf2f22a6fc5caa930",
        "android_client_info": {
          "package_name": "com.plebiscite.ifitmash"
        }
      },
      "oauth_client": [
        {
          "client_id": "778953465489-k4qmg727n79li0nphudk7u3n93lkilpa.apps.googleusercontent.com",
          "client_type": 3
        }
      ],
      "api_key": [
        {
          "current_key": "AIzaSyA6_TDwwXlFIQAEo0ce3ezbaxpnKz6et94"
        }
      ],
      "services": {
        "appinvite_service": {
          "other_platform_oauth_client": [
            {
              "client_id": "778953465489-k4qmg727n79li0nphudk7u3n93lkilpa.apps.googleusercontent.com",
              "client_type": 3
            }
          ]
        }
      }
    }
  ],
  "configuration_version": "1"
}